Postcode,Suburb,Suburb sqkm,Median House Price,Median Age (Persons),Median Mortgage Repayments (Monthly),Median Total Personal Income (Weekly),Median Rent (Weekly),Median Total Family Income (Weekly),Average Number of Persons per Bedroom,Median Total Household Income (Weekly),Average Household Size,People (0-14 year),People (15-24 year),People (25-34 year),People (35-44 year),People (45-54 year),People (55-64 year),People (65-74 year),People (75-84 year),People (85 and over year),Total Number of People,Unemployment Rate (%),Number of Restuarants,Minimum Rating,Maximum Rating,Average Rating of Restuarants,Total Number of Reviews,Average Number of Reviews,Minimum Price Level,Maximum Price Level,Average Price Level
6064,Alexander Heights,3.1816,453285,37,1800,625,390,1704,0.8,1590,3.0,1563,1173,997,1032,1163,1056,515,281,64,7844,8.8,,,,,,,,,
6154,Alfred Cove,1.0566,840087,39,2420,852,443,2542,0.8,2088,2.6,523,279,280,363,341,286,222,121,57,2472,4.4,,,,,,,,,
6038,Alkimos,17.1744,413750,28,2249,930,360,2094,0.7,1942,2.8,1623,866,1537,944,655,288,181,41,3,6138,6.6,,,,,,,,,
6167,Anketell,6.822,1008763,45,1733,641,420,1958,0.8,1721,2.8,36,40,17,28,34,40,29,3,0,227,2.4,,,,,,,,,
6153,Applecross,3.1954,1376690,43,2916,954,460,2764,0.7,2186,2.5,1072,875,772,789,908,926,714,412,207,6675,6.0,,,,,,,,,
6153,Ardross,2.2591,1072145,41,2500,804,470,2390,0.7,1992,2.6,767,583,434,527,559,604,367,210,109,4160,6.9,,,,,,,,,
6112,Armadale,8.3705,246611,37,1400,507,300,1154,0.8,958,2.3,2682,1747,1947,1583,1542,1525,1243,823,344,13436,14.6,,,,,,,,,
6104,Ascot,3.7614,803359,42,2167,888,400,2221,0.7,1851,2.4,351,306,382,367,409,434,299,105,25,2678,5.3,,,,,,,,,
6065,Ashby,1.403,483322,36,2167,691,405,1888,0.7,1417,2.5,556,276,387,388,273,205,214,207,45,2551,6.4,,,,,,,,,
6054,Ashfield,0.8022,484939,38,1842,613,300,1649,0.7,1288,2.4,237,123,231,200,170,137,100,76,22,1296,10.8,,,,,,,,,
6156,Attadale,3.102,1192735,41,2500,920,420,2741,0.8,2181,2.7,1216,909,544,753,973,719,528,379,176,6197,5.8,,,,,,,,,
6164,Atwell,3.5414,542582,33,2100,829,430,2304,0.8,2201,3.2,2357,1274,1115,1702,1330,621,362,139,26,8926,6.7,,,,,,,,,
6164,Aubin Grove,2.4726,570787,31,2232,937,440,2281,0.8,2213,3.2,1889,635,1189,1249,578,324,163,90,68,6185,6.1,,,,,,,,,
6069,Aveley,6.1016,440986,30,2167,907,410,2104,0.8,1992,2.9,2747,1300,2011,1725,1101,577,328,144,18,9951,7.2,,,,,,,,,
6021,Balcatta,7.0539,524628,38,1887,668,350,1688,0.7,1313,2.3,1566,1078,1945,1372,1193,961,935,787,351,10188,7.2,,,,,,,,,
6171,Baldivis,87.3148,419363,29,2167,842,385,2068,0.8,1928,2.9,8535,4074,5863,4470,3353,2081,1426,556,114,30472,7.9,,,,,,,,,
6061,Balga,5.2448,309362,31,1714,561,340,1264,0.8,1147,2.5,2409,1718,2969,1660,1275,1039,817,458,92,12437,12.0,,,,,,,,,
6066,Ballajura,8.8563,420807,35,1780,626,375,1701,0.8,1588,3.0,3726,3017,2373,2220,2993,2320,1091,516,154,18410,9.0,,,,,,,,,
6164,Banjup,22.4676,1103590,34,2340,867,440,2243,0.7,2250,3.0,375,302,361,263,272,235,141,42,15,2006,6.0,,,,,,,,,
6031,Banksia Grove,4.7182,382368,28,2058,803,370,1822,0.8,1713,3.0,2537,1320,2262,1426,903,486,176,59,12,9181,8.9,,,,,,,,,
6056,Baskerville,6.651,904050,49,2200,875,455,2416,0.7,2136,2.8,40,48,15,17,59,49,37,13,3,281,8.2,,,,,,,,,
6054,Bassendean,7.2717,546484,39,1956,782,350,2045,0.8,1587,2.4,1856,1108,1475,1520,1440,1164,864,485,235,10147,7.5,,,,,,,,,
6150,Bateman,1.9561,801317,40,2167,697,450,2293,0.8,2071,2.9,652,558,413,463,512,446,357,178,97,3676,8.1,,,,,,,,,
6053,Bayswater,9.8453,607955,38,2100,825,350,2208,0.8,1705,2.4,2467,1461,2298,2252,1963,1623,1039,671,458,14232,7.0,,,,,,,,,
6162,Beaconsfield,2.7342,774404,41,2167,689,320,1991,0.8,1483,2.4,857,493,644,663,705,597,454,332,110,4855,8.1,,,,,,,,,
6107,Beckenham,5.8449,405863,33,1800,601,350,1451,0.8,1339,2.7,1388,986,1530,1077,784,697,567,268,86,7383,10.2,,,,,,,,,
6052,Bedford,2.2804,660490,37,2167,786,375,2097,0.8,1779,2.6,1020,629,808,848,741,573,376,248,93,5336,6.2,,,,,,,,,
6112,Bedfordale,54.2646,748650,39,2500,803,350,2293,0.8,2256,3.1,605,364,250,412,440,367,225,88,17,2768,6.0,,,,,,,,,
6063,Beechboro,4.736000000000001,385165,37,1668,572,350,1501,0.8,1335,2.8,1765,1202,1256,1177,1244,1215,676,265,96,8896,10.0,,,,,,,,,
6164,Beeliar,11.4181,536281,33,2167,859,400,2192,0.8,2045,2.9,1769,917,1259,1255,1017,613,313,123,26,7292,7.2,,,,,,,,,
6027,Beldon,2.1936,490011,34,2000,770,375,1950,0.7,1669,2.6,795,470,687,566,482,490,220,105,39,3854,7.9,,,,,,,,,
6069,Belhus,4.0356,774750,50,2000,643,725,1875,0.7,1949,2.9,49,29,10,28,42,51,28,16,5,258,5.5,,,,,,,,,
6056,Bellevue,3.0572,368800,39,1538,621,315,1428,0.7,1195,2.3,262,183,201,195,215,229,122,49,21,1477,13.1,,,,,,,,,
6104,Belmont,4.3735,505117,34,1950,731,350,1801,0.8,1456,2.4,994,909,1492,1018,779,700,473,281,152,6798,8.4,,,,,,,,,
6063,Bennett Springs,4.4286,495592,31,2011,647,420,1754,0.9,1843,3.5,1326,807,815,882,709,422,210,57,13,5241,9.0,,,,,,,,,
6102,Bentley,5.3772,457649,31,1733,428,300,1224,0.8,863,2.3,727,2324,1933,849,578,505,543,634,691,8784,17.4,,,,,,,,,
6167,Bertram,3.03,381613,29,1940,791,370,1834,0.8,1761,3.1,1875,722,1288,1165,541,307,147,40,6,6091,10.7,,,,,,,,,
6163,Bibra Lake,12.7547,544326,42,1842,731,400,2034,0.7,1672,2.6,980,764,646,745,851,787,485,342,143,5743,7.3,,,,,,,,,
6076,Bickley,9.8549,699231,47,2435,616,431,2327,0.7,1985,2.7,101,102,32,63,130,103,88,32,11,662,5.5,,,,,,,,,
6157,Bicton,3.1224,1083594,44,2300,856,385,2394,0.7,1726,2.3,1108,763,672,793,951,802,626,421,300,6436,7.3,,,,,,,,,
6154,Booragoon,3.0602,893440,42,2383,719,415,2301,0.7,1707,2.6,982,720,492,704,760,600,491,381,283,5413,7.5,,,,,,,,,
6056,Boya,1.8568,521286,43,2069,824,390,2181,0.7,1919,2.6,111,70,62,97,89,78,83,35,12,637,4.0,,,,,,,,,
6055,Brabham,5.8441,432821,28,2200,947,400,2023,0.7,1957,2.8,753,449,1080,493,287,129,43,10,0,3244,6.2,,,,,,,,,
6153,Brentwood,0.8898,742031,37,2110,667,340,1944,0.8,1415,2.5,388,287,268,286,289,201,153,101,56,2029,8.6,,,,,,,,,
6069,Brigadoon,19.4732,705097,43,2414,804,355,2387,0.8,2349,3.1,160,117,47,114,142,118,84,19,11,812,4.3,,,,,,,,,
6112,Brookdale,1.2002,301784,28,1517,594,320,1337,0.8,1281,3.0,857,425,530,403,341,215,126,34,5,2936,12.7,,,,,,,,,
6149,Bull Creek,4.1624,810098,44,2000,648,425,2062,0.8,1626,2.7,1331,973,762,904,932,941,907,519,360,7629,8.2,,,,,,,,,
6084,Bullsbrook,253.8629,498797,38,2000,730,350,1827,0.8,1714,2.9,1057,745,562,723,808,636,414,138,30,5113,6.5,,,,,,,,,
6028,Burns Beach,3.3134,898548,37,2817,994,630,3034,0.8,3008,3.3,789,464,300,584,637,354,117,23,3,3271,6.2,,,,,,,,,
6100,Burswood,3.4126,975229,36,2212,976,475,2272,0.8,1978,2.1,178,336,666,457,439,405,198,85,13,2777,7.6,,,,,,,,,
6036,Butler,5.3277,383239,29,2017,728,360,1781,0.8,1616,2.9,3616,2007,2195,2099,1602,715,543,194,38,13009,9.5,,,,,,,,,
6122,Byford,19.5816,423198,29,2091,834,395,1931,0.8,1846,3.0,4103,1902,3192,2055,1423,995,553,241,84,14548,7.1,,,,,,,,,
6167,Calista,2.2962,293624,45,1476,470,260,1192,0.7,843,2.1,323,209,245,205,244,182,189,263,125,1985,13.0,,,,,,,,,
6111,Camillo,2.5813,300935,35,1481,564,310,1354,0.8,1209,2.6,891,564,697,529,577,548,368,135,54,4363,12.8,,,,,,,,,
6155,Canning Vale,25.3471,589988,34,2100,736,450,2133,0.8,2100,3.2,6891,5256,4575,5126,4849,3193,1809,671,210,32580,8.3,,,,,,,,,
6107,Cannington,4.0225,430695,30,1727,564,360,1380,0.9,1287,2.6,884,978,1801,815,451,440,298,154,87,5908,12.9,,,,,,,,,
6033,Carabooda,19.0897,917024,42,2084,690,100,2194,0.8,1875,3.2,74,69,31,64,81,61,37,14,3,434,5.2,,,,,,,,,
6122,Cardup,11.0723,679797,37,2500,730,400,2351,0.8,2363,3.3,236,182,97,170,194,109,77,22,3,1090,7.9,,,,,,,,,
6020,Carine,4.6813,805572,42,2167,872,450,2456,0.7,2242,2.9,1373,714,501,884,886,924,742,221,85,6330,5.2,,,,,,,,,
6101,Carlisle,2.5423,543074,34,1987,710,360,1747,0.8,1421,2.3,900,820,1462,948,675,604,472,257,162,6300,8.7,,,,,,,,,
6076,Carmel,11.7315,615029,42,1975,581,250,2083,0.8,1847,3.2,151,106,49,81,97,101,80,48,22,735,7.0,,,,,,,,,
6031,Carramar,7.0562,524225,34,2167,812,440,2251,0.8,2197,3.2,1710,1075,828,1100,1142,639,351,135,25,7005,6.9,,,,,,,,,
6167,Casuarina,10.0184,615176,34,2000,670,415,2120,0.8,2060,3.2,148,332,422,333,263,139,58,27,7,1729,8.1,,,,,,,,,
6055,Caversham,11.7564,486736,31,2230,869,390,2133,0.8,2036,2.9,1185,613,1144,838,605,442,232,106,25,5190,6.4,,,,,,,,,
6111,Champion Lakes,5.5441,424489,37,2012,730,350,1868,0.8,1642,2.7,214,131,167,162,157,158,82,41,0,1112,6.5,,,,,,,,,
6556,Chidlow,42.9639,506955,42,1907,694,360,1870,0.8,1675,2.7,344,229,167,216,307,271,167,60,22,1783,6.5,,,,,,,,,
6018,Churchlands,1.7592,1313735,38,2800,891,380,2574,0.8,2193,2.8,723,419,401,502,452,406,262,134,35,3334,6.1,,,,,,,,,
6015,City Beach,9.7978,1654765,45,3033,1023,700,3675,0.7,2925,2.9,1316,992,299,600,1109,786,537,538,255,6432,5.4,,,,,,,,,
6010,Claremont,3.8719,1282132,44,2500,964,430,2821,0.8,1935,2.2,1198,1127,1018,804,1011,924,903,641,398,8024,6.1,,,,,,,,,
6030,Clarkson,6.4983,374552,31,1950,730,375,1762,0.8,1614,2.7,2780,2005,2493,1887,1631,1010,552,197,34,12589,10.0,,,,,,,,,
6105,Cloverdale,3.9697,438314,34,1933,653,360,1489,0.8,1332,2.5,1402,1053,1632,1067,886,742,539,427,182,7930,9.9,,,,,,,,,
6164,Cockburn Central,2.7647,492742,30,1855,835,370,1625,0.9,1381,2.0,130,253,359,156,133,102,47,22,4,1206,9.6,,,,,,,,,
6152,Como,6.4142,977761,36,2167,871,365,2225,0.8,1598,2.1,1768,2014,2807,1886,1580,1635,1132,678,457,13957,6.8,,,,,,,,,
6027,Connolly,2.8264,705674,44,2100,781,430,2457,0.7,2198,2.8,603,574,282,403,636,570,339,134,42,3583,6.4,,,,,,,,,
6166,Coogee,5.3174,790131,45,2383,700,450,2209,0.8,1894,2.7,741,595,400,508,741,662,530,281,63,4521,6.7,,,,,,,,,
6163,Coolbellup,3.1072,477543,37,1798,622,319,1503,0.8,1187,2.2,875,568,924,796,660,512,501,292,86,5214,10.9,,,,,,,,,
6050,Coolbinia,0.8608,1139133,39,2557,1045,350,3587,0.8,2978,2.9,310,258,158,219,286,211,113,60,33,1648,5.0,,,,,,,,,
6168,Cooloongup,11.8884,287516,40,1517,506,308,1289,0.7,1137,2.5,1220,916,856,707,889,872,640,382,205,6687,13.4,,,,,,,,,
6011,Cottesloe,3.7511,1646283,42,3250,1231,550,3662,0.8,2680,2.5,1324,834,878,809,1062,976,719,331,207,7140,4.7,,,,,,,,,
6025,Craigie,4.6769,448367,34,1800,753,380,1824,0.7,1539,2.4,1107,618,1146,855,672,592,466,187,74,5717,7.5,,,,,,,,,
6009,Crawley,1.4196,943273,24,2300,279,360,1649,1.1,1145,2.1,265,2081,839,301,144,169,208,147,50,4204,22.3,,,,,,,,,
6028,Currambine,3.1476,543433,36,2000,753,410,2238,0.8,2016,2.9,1344,1212,761,878,1173,777,397,182,45,6769,7.1,,,,,,,,,
6008,Daglish,0.6345,1044677,39,2500,876,320,2444,0.9,1710,2.3,245,192,180,183,214,176,134,66,16,1406,7.8,,,,,,,,,
6009,Dalkeith,3.0059,1951092,43,4333,1201,800,4163,0.8,3817,3.1,901,669,232,428,647,526,459,210,74,4146,4.7,,,,,,,,,
6065,Darch,3.1384,574450,33,2116,738,470,2178,0.8,2124,3.4,1865,1043,816,1294,1013,480,296,150,17,6974,7.4,,,,,,,,,
6122,Darling Downs,9.817,848750,41,2153,674,288,2102,0.8,2094,3.1,216,181,102,148,202,173,113,34,9,1178,5.9,,,,,,,,,
6070,Darlington,12.0621,707433,44,2167,765,435,2244,0.8,1988,2.8,758,389,232,460,583,501,434,162,38,3557,4.6,,,,,,,,,
6055,Dayton,3.1716,464128,29,2200,937,375,1969,0.8,1903,2.8,675,343,841,466,226,123,69,15,4,2762,5.5,,,,,,,,,
6059,Dianella,10.7402,678584,41,2000,681,350,1878,0.7,1477,2.5,3739,2816,3072,3036,3176,2727,2137,1680,644,23027,7.2,,,,,,,,,
6018,Doubleview,2.5994,836240,35,2326,955,390,2526,0.8,2014,2.5,1546,878,1514,1290,1115,879,468,319,156,8165,5.9,,,,,,,,,
6023,Duncraig,7.5232,713762,41,2167,819,450,2389,0.7,2142,2.8,3254,1721,1245,2129,2122,1947,1607,622,327,14974,5.9,,,,,,,,,
6107,East Cannington,2.8677,507159,31,1900,640,380,1575,0.8,1491,2.9,1071,786,1301,758,563,437,269,121,30,5336,10.1,,,,,,,,,
6158,East Fremantle,3.1384,1122098,43,2500,938,400,2780,0.8,2051,2.5,1331,846,701,932,1204,1011,638,378,168,7209,5.6,,,,,,,,,
6004,East Perth,3.2048,510182,33,2167,992,435,2301,1.0,1868,1.9,664,1461,3872,1744,1384,1286,763,300,81,11555,8.6,,,,,,,,,
6101,East Victoria Park,3.7286,651532,33,2167,836,365,2107,0.8,1759,2.4,1588,1377,2325,1583,1232,878,511,227,123,9844,8.3,,,,,,,,,
6054,Eden Hill,2.271,467237,39,1733,637,350,1651,0.8,1389,2.5,607,387,498,460,418,446,299,193,68,3376,8.1,,,,,,,,,
6027,Edgewater,4.8644,560366,40,1981,754,400,2090,0.7,1830,2.6,835,539,542,549,596,658,385,189,78,4371,6.2,,,,,,,,,
6034,Eglinton,15.4898,391880,27,2363,973,350,2143,0.7,1982,2.7,415,272,444,210,152,72,34,7,0,1606,4.6,,,,,,,,,
6069,Ellenbrook,17.8731,388606,30,2080,760,370,1825,0.8,1694,3.0,6191,2950,3946,3519,2467,1378,961,570,226,22208,8.3,,,,,,,,,
6062,Embleton,1.7095,524186,37,2080,660,350,1778,0.8,1542,2.5,513,371,568,487,382,281,179,201,131,3113,8.7,,,,,,,,,
6148,Ferndale,3.1913,460006,39,1820,695,330,1712,0.7,1392,2.4,700,449,693,517,473,537,443,229,162,4203,8.2,,,,,,,,,
6014,Floreat,4.5816,1476394,40,3000,1042,600,3585,0.8,3072,3.0,1921,1015,538,1016,1298,943,488,294,182,7695,5.1,,,,,,,,,
6112,Forrestdale,31.4716,663643,40,1950,671,360,1735,0.8,1506,2.8,204,139,119,134,175,128,99,33,13,1044,8.0,,,,,,,,,
6058,Forrestfield,17.0785,420805,37,1858,711,360,1714,0.7,1459,2.6,2337,1607,1834,1712,1537,1547,1110,595,194,12473,7.7,,,,,,,,,
6160,Fremantle,5.5311,859845,41,2167,817,360,2252,0.9,1548,2.1,884,835,1657,1251,1252,1184,852,469,233,8617,7.6,,,,,,,,,
6083,Gidgegannup,304.8874,792695,44,2100,775,283,2170,0.8,2052,2.9,491,356,171,337,511,416,239,99,19,2639,5.4,,,,,,,,,
6064,Girrawheen,4.0937,318998,34,1549,489,320,1208,0.9,1104,2.7,1887,1188,1393,1179,1063,886,706,306,68,8676,12.7,,,,,,,,,
6071,Glen Forrest,13.0333,631722,44,2000,682,380,2064,0.8,1841,2.7,523,352,220,331,438,393,306,112,41,2716,7.6,,,,,,,,,
6016,Glendalough,0.7233,480360,32,1630,609,300,1407,1.0,1243,2.1,260,295,854,368,178,169,146,80,67,2417,9.0,,,,,,,,,
6077,Gnangara,14.7978,808208,49,2680,625,275,2078,0.7,1646,2.8,149,175,75,96,180,205,132,70,20,1102,6.7,,,,,,,,,
6174,Golden Bay,4.4148,415340,31,1983,743,350,1910,0.8,1697,2.8,977,539,580,547,463,255,147,89,16,3613,9.3,,,,,,,,,
6076,Gooseberry Hill,8.3074,857120,48,2200,750,400,2242,0.7,1863,2.6,541,369,180,352,519,468,486,235,51,3201,6.4,,,,,,,,,
6110,Gosnells,15.6203,299552,35,1650,567,310,1371,0.8,1170,2.6,4132,2530,3162,2662,2282,2050,1586,1087,425,19916,12.0,,,,,,,,,
6056,Greenmount,4.8163,514082,45,1950,701,360,1871,0.7,1503,2.6,450,291,304,296,364,356,283,200,106,2650,6.9,,,,,,,,,
6024,Greenwood,5.4473,512139,39,2000,767,400,1923,0.7,1688,2.6,1930,918,1216,1387,1240,1117,1114,319,93,9334,7.2,,,,,,,,,
6055,Guildford,3.1858,750959,43,2167,749,369,2352,0.8,1868,2.4,355,252,193,246,317,259,189,112,64,1987,6.1,,,,,,,,,
6018,Gwelup,2.9361,863702,41,2500,923,500,2664,0.8,2290,2.8,1029,396,418,690,632,467,457,279,163,4531,5.3,,,,,,,,,
6022,Hamersley,3.3065,560257,40,2000,749,400,1891,0.7,1614,2.6,929,493,670,707,577,563,622,262,50,4873,6.0,,,,,,,,,
6163,Hamilton Hill,6.6153,500103,40,1860,608,320,1520,0.8,1166,2.3,1616,1085,1584,1463,1386,1160,965,635,300,10194,9.7,,,,,,,,,
6164,Hammond Park,4.3388,528644,30,2383,1035,420,2322,0.8,2252,3.0,1345,493,1157,937,464,246,112,32,3,4789,6.2,,,,,,,,,
6112,Harrisdale,5.7747,546854,30,2210,959,420,2223,0.8,2171,3.0,2359,1070,2162,1560,889,549,242,59,15,8905,7.2,,,,,,,,,
6112,Haynes,4.7541,265126,28,2200,896,385,1825,0.8,1781,3.0,203,91,206,114,54,30,19,9,0,726,5.7,,,,,,,,,
6055,Hazelmere,10.6381,480823,49,1733,529,300,1559,0.8,966,2.2,109,120,55,97,132,130,124,75,28,870,8.7,,,,,,,,,
6027,Heathridge,3.7995,463024,34,1919,742,380,1836,0.7,1584,2.5,1266,809,1224,1012,796,765,432,177,48,6529,7.4,,,,,,,,,
6056,Helena Valley,7.0921,609166,40,2167,758,387,2141,0.7,1905,2.7,667,472,444,416,548,469,365,171,30,3582,6.5,,,,,,,,,
6055,Henley Brook,12.8209,615389,39,2070,759,381,2137,0.8,2030,3.0,525,346,256,343,402,326,193,68,10,2469,7.7,,,,,,,,,
6056,Herne Hill,17.2584,608220,45,1908,642,335,1740,0.8,1434,2.7,248,171,172,138,220,231,190,89,29,1488,7.1,,,,,,,,,
6057,High Wycombe,10.4688,435424,35,1950,759,390,1831,0.7,1585,2.6,2479,1538,1847,1670,1608,1290,946,495,123,11996,8.0,,,,,,,,,
6003,Highgate,0.3873,790883,33,2100,1028,380,2296,1.0,1765,1.9,180,227,797,362,219,214,129,56,22,2206,6.6,,,,,,,,,
6112,Hilbert,9.1863,463561,30,1950,869,380,1857,0.8,1746,2.9,410,195,316,238,180,116,48,14,0,1517,8.5,,,,,,,,,
6025,Hillarys,6.2522,930758,42,2383,847,490,2563,0.7,2283,2.9,2095,1511,852,1345,1700,1581,1021,373,119,10597,6.5,,,,,,,,,
6168,Hillman,1.2173,302451,40,1473,535,320,1377,0.7,1229,2.6,351,214,222,233,198,250,202,92,24,1786,14.5,,,,,,,,,
6163,Hilton,1.719,555069,38,2000,692,285,1837,0.8,1406,2.3,713,381,601,578,550,396,270,215,162,3866,8.1,,,,,,,,,
6065,Hocking,2.4273,500639,33,2167,825,400,2131,0.8,1977,2.9,1480,688,887,1047,732,540,286,102,19,5781,6.6,,,,,,,,,
6165,Hope Valley,13.2244,450417,47,1700,593,250,1875,0.6,1937,2.0,4,15,9,3,11,6,6,3,0,57,0.0,,,,,,,,,
6125,Hopeland,51.3906,724075,45,1960,690,310,1899,0.8,1784,2.9,49,36,33,40,48,54,35,17,7,319,9.9,,,,,,,,,
6071,Hovea,31.563000000000002,578225,49,2167,778,400,2284,0.7,1989,2.7,84,78,26,62,117,106,84,36,9,602,6.7,,,,,,,,,
6110,Huntingdale,4.7942,400518,33,1800,682,370,1774,0.8,1617,3.0,1956,1196,1395,1241,1104,857,527,186,62,8524,9.5,,,,,,,,,
6028,Iluka,2.5205,894612,42,2600,853,650,2906,0.8,2796,3.2,1074,875,289,636,1129,712,304,130,20,5169,6.1,,,,,,,,,
6052,Inglewood,2.8771,824134,38,2167,905,340,2470,0.9,1832,2.3,925,643,880,844,834,682,380,223,121,5532,6.2,,,,,,,,,
6018,Innaloo,3.1826,552731,35,2167,926,410,2177,0.7,1640,2.1,958,813,2166,1121,856,753,588,427,307,7989,6.3,,,,,,,,,
6077,Jandabup,18.6465,594808,47,1967,697,380,1763,0.7,1562,2.7,49,37,26,30,50,51,50,12,3,308,6.2,,,,,,,,,
6164,Jandakot,16.1727,737267,41,2167,719,450,2282,0.7,2173,2.9,422,463,265,262,383,402,292,71,19,2579,6.1,,,,,,,,,
6056,Jane Brook,5.2272,506568,36,2080,841,450,2166,0.7,2061,3.0,724,556,388,460,598,352,208,85,15,3386,6.0,,,,,,,,,
6124,Jarrahdale,256.3869,543731,42,1950,720,300,1927,0.8,1719,2.7,256,120,109,139,231,147,108,41,9,1160,8.1,,,,,,,,,
6036,Jindalee,3.6792,610807,32,2700,902,400,2400,0.8,2290,3.1,600,403,338,348,455,224,84,23,3,2478,6.9,,,,,,,,,
6014,Jolimont,0.7481,1051971,54,2167,831,340,1958,0.8,1185,1.8,115,124,194,131,124,114,157,220,163,1342,5.1,,,,,,,,,
6027,Joondalup,10.6789,521553,34,1940,696,390,1910,0.8,1584,2.5,1248,1725,1693,1057,1249,1056,655,385,228,9296,10.5,,,,,,,,,
6060,Joondanna,1.4503,624366,36,2000,915,340,2155,0.8,1497,2.0,657,369,1204,765,554,443,313,229,162,4696,6.6,,,,,,,,,
6076,Kalamunda,10.5867,679729,47,2167,676,350,1972,0.7,1509,2.5,1060,800,497,766,973,896,928,602,207,6729,6.3,,,,,,,,,
6025,Kallaroo,2.9248,813719,43,2167,773,430,2238,0.7,1938,2.7,920,687,456,600,794,681,601,199,111,5049,5.7,,,,,,,,,
6152,Karawara,0.9885,672788,27,2167,361,305,1618,0.8,1276,2.8,241,709,339,202,188,198,131,50,15,2073,18.7,,,,,,,,,
6163,Kardinya,4.3831,667851,41,1975,676,400,1981,0.7,1667,2.6,1204,1307,1180,989,1142,1280,851,428,150,8531,7.6,,,,,,,,,
6176,Karnup,32.2106,668197,30,2115,777,360,1958,0.7,1802,2.9,293,239,238,166,162,136,81,32,8,1355,6.4,,,,,,,,,
6111,Karragullen,36.2911,471761,42,2000,733,200,2095,0.8,2054,3.0,79,47,40,44,61,55,46,23,0,395,6.8,,,,,,,,,
6018,Karrinyup,6.4714,959110,39,2462,828,420,2463,0.8,2102,2.7,1989,1059,974,1298,1245,922,791,541,213,9032,5.4,,,,,,,,,
6111,Kelmscott,14.9422,371619,38,1650,608,310,1482,0.7,1264,2.5,1926,1296,1427,1328,1350,1245,1000,488,218,10278,10.0,,,,,,,,,
6151,Kensington,2.5797,929288,36,2450,891,375,2888,0.9,2246,2.7,1005,604,537,680,692,488,298,110,79,4493,6.2,,,,,,,,,
6107,Kenwick,9.8719,397630,33,1659,603,340,1474,0.8,1351,2.8,1149,776,1038,805,710,572,402,165,40,5657,10.4,,,,,,,,,
6105,Kewdale,8.4045,515815,35,1800,683,370,1606,0.8,1368,2.5,1336,796,1259,1007,756,647,491,343,124,6759,8.6,,,,,,,,,
6126,Keysbrook,180.6011,772778,43,1495,436,200,1431,0.8,1318,2.3,44,33,109,151,130,86,58,14,0,625,6.3,,,,,,,,,
6054,Kiara,1.3904,428286,39,1733,648,340,1736,0.7,1479,2.7,285,292,241,196,296,255,143,63,19,1790,8.1,,,,,,,,,
6026,Kingsley,7.8538,583094,43,2000,748,420,2188,0.7,1853,2.7,2447,1410,1248,1616,1660,1991,1231,683,525,12811,6.2,,,,,,,,,
6028,Kinross,2.812,500355,36,2000,769,420,2154,0.8,2052,3.0,1493,1100,711,966,1229,662,333,176,66,6736,8.4,,,,,,,,,
6064,Koondoola,3.5198,385320,33,1400,443,310,1077,0.9,1009,2.9,895,602,578,516,480,395,341,142,28,3977,15.6,,,,,,,,,
6056,Koongamia,0.5948,283795,35,1509,619,300,1399,0.8,1180,2.3,192,121,150,121,128,102,80,50,9,953,11.3,,,,,,,,,
6167,Kwinana Beach,14.0415,170000,58,0,575,0,0,0.0,0,0.0,0,0,3,0,3,3,0,0,0,9,0.0,,,,,,,,,
6167,Kwinana Town Centre,0.7848,185598,27,1700,519,310,1142,0.8,1031,2.5,63,40,58,28,20,12,11,6,0,238,10.8,,,,,,,,,
6065,Landsdale,6.6867,551263,31,2312,811,460,2196,0.8,2178,3.2,2893,1793,2127,1894,1718,954,436,199,25,12039,6.4,,,,,,,,,
6147,Langford,3.2416,409908,33,1603,494,320,1318,0.9,1203,2.8,1148,791,1029,804,630,526,427,177,51,5583,12.6,,,,,,,,,
6100,Lathlain,1.5436,726986,35,2100,811,380,2179,0.8,1861,2.6,581,442,589,490,445,352,187,124,75,3285,6.9,,,,,,,,,
6170,Leda,8.7871,337275,30,1647,611,325,1456,0.8,1411,3.0,886,465,526,454,413,262,166,46,3,3221,13.2,,,,,,,,,
6007,Leederville,1.4558,859114,33,2300,1151,450,2794,0.8,2222,2.1,375,402,910,487,328,247,156,85,57,3047,5.6,,,,,,,,,
6149,Leeming,7.4549,711187,41,2000,767,460,2364,0.7,2154,2.9,1815,1522,1156,1249,1458,1812,978,357,136,10483,6.2,,,,,,,,,
6076,Lesmurdie,13.8104,671164,42,2024,685,350,2086,0.7,1788,2.8,1669,1169,606,929,1219,1007,897,458,183,8137,6.4,,,,,,,,,
6054,Lockridge,1.4658,354943,36,1408,495,300,1233,0.8,1069,2.5,685,470,497,490,430,363,301,132,27,3395,11.9,,,,,,,,,
6147,Lynwood,1.7807,428731,34,1733,587,350,1463,0.8,1328,2.6,638,441,646,468,366,361,257,166,63,3406,10.4,,,,,,,,,
6109,Maddington,10.8441,344360,34,1638,547,320,1362,0.8,1200,2.7,2345,1512,1896,1637,1250,1075,814,484,189,11202,12.9,,,,,,,,,
6065,Madeley,3.0968,588322,36,2167,784,450,2147,0.8,1950,2.8,1324,687,795,1009,736,536,432,302,126,5947,6.2,,,,,,,,,
6072,Mahogany Creek,5.8633,454509,46,2000,646,440,2151,0.7,1937,2.7,158,117,73,80,158,145,99,39,11,880,4.8,,,,,,,,,
6057,Maida Vale,8.2492,589743,40,2012,757,400,1983,0.7,1785,2.8,847,569,498,544,636,601,411,194,57,4357,6.7,,,,,,,,,
6152,Manning,1.7279,839030,36,2500,762,325,2363,0.8,1817,2.7,852,536,557,563,514,455,297,154,74,4002,7.8,,,,,,,,,
6064,Marangaroo,4.7933,415592,36,1757,548,369,1534,0.8,1419,2.9,2009,1527,1446,1439,1428,1191,797,422,217,10476,9.5,,,,,,,,,
6125,Mardella,64.3708,538268,42,2167,752,250,2178,0.8,1958,2.8,78,81,33,69,90,69,36,16,3,475,6.7,,,,,,,,,
6078,Mariginiup,24.2929,699627,45,2167,792,500,2171,0.7,2050,3.1,140,112,74,69,134,158,79,28,8,802,6.0,,,,,,,,,
6020,Marmion,1.146,1014025,43,2500,891,500,2705,0.7,2271,2.8,451,247,179,282,304,361,261,103,38,2226,4.9,,,,,,,,,
6110,Martin,28.4008,578074,45,2167,700,175,1980,0.8,1560,2.6,212,201,188,159,203,210,153,119,80,1525,6.1,,,,,,,,,
6051,Maylands,5.0046,739669,34,1950,891,310,2055,0.9,1449,2.0,1642,1252,3351,2063,1346,1207,811,299,125,12096,7.7,,,,,,,,,
6167,Medina,3.6682,271981,38,1300,507,290,1145,0.8,955,2.2,442,330,291,346,311,278,183,114,36,2331,16.1,,,,,,,,,
6156,Melville,2.3959,795250,40,2339,818,400,2329,0.8,1876,2.6,1157,630,564,790,836,614,427,364,199,5581,5.0,,,,,,,,,
6050,Menora,1.1540000000000001,1172635,53,3000,694,236,2493,0.8,1300,2.3,352,292,109,215,331,282,284,309,363,2537,6.2,,,,,,,,,
6030,Merriwa,2.292,333189,37,1733,530,350,1314,0.7,1121,2.5,1176,653,736,620,566,384,375,500,303,5313,13.4,,,,,,,,,
6056,Middle Swan,13.4055,410417,38,1700,589,330,1467,0.8,1239,2.5,546,416,377,355,385,343,260,121,37,2840,11.9,,,,,,,,,
6056,Midland,4.1925,423033,36,1524,614,320,1334,0.8,1067,2.1,872,841,1098,828,702,604,457,389,319,6110,12.6,,,,,,,,,
6056,Midvale,2.8862,357055,39,1517,490,282,1176,0.8,973,2.4,272,190,218,185,184,150,154,91,30,1474,14.9,,,,,,,,,
6056,Millendon,6.9182,694514,46,1900,620,325,1895,0.8,2013,3.0,70,84,40,50,92,78,57,26,12,509,9.0,,,,,,,,,
6030,Mindarie,4.8218,725433,42,2383,772,520,2412,0.8,2268,3.0,1413,1240,411,970,1522,815,546,288,121,7326,8.6,,,,,,,,,
6061,Mirrabooka,4.9904,399135,32,1600,433,300,1192,1.0,1094,3.2,1962,1202,1211,1011,1034,868,533,204,63,8088,14.1,,,,,,,,,
6062,Morley,10.4991,462455,37,1900,625,380,1568,0.8,1383,2.6,3436,2677,3643,2844,2651,2297,1980,1210,396,21134,8.7,,,,,,,,,
6012,Mosman Park,4.3472,1398859,40,2700,894,320,2887,0.8,1864,2.4,1491,1123,1157,1029,1258,1000,857,453,193,8561,6.1,,,,,,,,,
6010,Mount Claremont,4.428,1279030,44,3000,814,475,3292,0.8,2138,2.7,897,645,293,520,681,612,474,296,136,4554,5.7,,,,,,,,,
6016,Mount Hawthorn,2.4425,993565,36,2500,1066,425,2874,0.9,2344,2.6,1739,719,1040,1295,1120,756,398,186,101,7354,5.7,,,,,,,,,
6082,Mount Helena,29.0926,560949,40,2100,693,375,1977,0.8,1772,2.8,659,381,324,400,467,432,278,104,27,3072,7.7,,,,,,,,,
6050,Mount Lawley,4.3434,1048551,36,2167,932,370,2555,0.8,1893,2.3,1496,1541,2188,1496,1394,1272,849,433,352,11021,6.0,,,,,,,,,
6112,Mount Nasura,2.7863,479858,43,1800,669,340,1771,0.7,1593,2.6,477,387,334,332,458,488,315,205,80,3076,7.6,,,,,,,,,
6153,Mount Pleasant,2.7817,1209375,42,2600,926,450,2697,0.7,2180,2.6,1050,858,777,809,965,875,668,357,171,6530,6.2,,,,,,,,,
6112,Mount Richon,2.1232,530459,49,1990,624,350,1595,0.7,1223,2.3,273,195,187,173,281,309,281,157,57,1913,7.5,,,,,,,,,
6027,Mullaloo,3.0607,741377,40,2167,809,460,2279,0.7,2068,2.9,1276,721,512,873,929,725,502,196,52,5786,6.4,,,,,,,,,
6073,Mundaring,31.6307,652876,47,2000,635,346,1843,0.7,1387,2.5,495,332,215,325,473,421,373,219,111,2964,5.1,,,,,,,,,
6123,Mundijong,18.3688,395887,39,2000,637,350,1598,0.8,1507,2.8,244,172,129,155,190,150,95,45,18,1198,9.3,,,,,,,,,
6166,Munster,9.9286,1030000,37,2167,773,400,2151,0.7,1892,2.8,869,528,612,667,644,479,301,182,43,4325,5.7,,,,,,,,,
6150,Murdoch,4.2631,710713,44,2002,479,480,1719,0.7,1392,2.6,315,907,557,323,339,486,537,539,403,4406,12.8,,,,,,,,,
6154,Myaree,1.4162,684021,42,2200,708,400,2142,0.7,1377,2.3,370,192,209,262,249,170,145,178,131,1906,4.4,,,,,,,,,
6165,Naval Base,5.0279,1408000,49,0,675,350,1524,0.0,1125,2.0,0,0,4,0,8,7,3,0,0,22,0.0,,,,,,,,,
6009,Nedlands,5.3244,1647442,40,3160,919,500,3304,0.8,2422,2.7,1898,1593,1062,1209,1455,1390,1200,671,469,10947,6.1,,,,,,,,,
6031,Neerabup,29.9657,773500,40,2100,710,400,1843,0.7,1812,2.9,28,5,9,24,6,10,19,3,4,108,6.8,,,,,,,,,
6061,Nollamara,3.734,352064,32,1893,700,365,1585,0.8,1389,2.3,1818,1274,3287,1736,1057,957,614,459,161,11363,9.1,,,,,,,,,
6062,Noranda,4.9416,582303,44,1950,636,368,1796,0.7,1542,2.7,1248,980,888,886,1015,1222,956,477,174,7846,7.6,,,,,,,,,
6020,North Beach,2.142,1038235,43,2485,867,350,2341,0.7,1727,2.3,596,306,389,447,451,455,394,176,66,3280,5.7,,,,,,,,,
6163,North Coogee,2.7739,1160017,41,2860,1166,500,3089,0.9,2485,2.5,346,243,370,333,411,336,202,58,11,2310,5.2,,,,,,,,,
6159,North Fremantle,3.3362,1223993,45,2538,1123,478,2980,0.8,2173,2.1,398,293,498,390,462,485,441,194,61,3222,5.6,,,,,,,,,
6163,North Lake,2.2897,626046,39,2000,737,450,2335,0.7,2069,2.9,212,205,145,154,228,185,87,46,12,1274,6.8,,,,,,,,,
6006,North Perth,3.0669,849587,37,2400,943,415,2616,0.8,2074,2.4,1381,886,1572,1315,1238,920,530,425,250,8517,5.7,,,,,,,,,
6003,Northbridge,0.4513,721636,31,1997,867,430,1989,1.0,1767,1.9,43,217,627,244,137,104,44,18,3,1437,7.1,,,,,,,,,
6163,O'Connor,1.9002,501250,37,2167,764,340,1912,0.8,1414,2.0,48,59,104,56,68,35,30,30,5,435,5.7,,,,,,,,,
6121,Oakford,46.9102,835468,41,2350,740,400,2255,0.8,2257,3.3,536,399,186,327,526,352,192,60,18,2596,5.5,,,,,,,,,
6027,Ocean Reef,5.2646,794405,42,2200,760,510,2419,0.7,2245,3.0,1455,1198,614,888,1374,1137,660,286,80,7692,6.9,,,,,,,,,
6121,Oldbury,41.0907,770338,44,2600,730,345,1906,0.8,1812,2.9,59,44,33,33,50,51,46,17,3,336,5.3,,,,,,,,,
6109,Orange Grove,13.9401,728402,50,2167,678,225,1797,0.9,1164,2.3,107,76,67,65,121,167,103,37,5,748,6.9,,,,,,,,,
6167,Orelia,2.9278,313241,36,1517,539,270,1356,0.8,1129,2.5,959,579,639,644,615,485,381,207,51,4560,13.4,,,,,,,,,
6017,Osborne Park,4.9862,499711,33,1733,768,300,1565,0.9,1207,2.0,465,452,1280,599,371,350,242,147,69,3975,8.4,,,,,,,,,
6025,Padbury,6.0348,546701,37,2000,788,400,2024,0.7,1766,2.6,1640,853,1201,1235,971,1002,687,260,86,7935,6.7,,,,,,,,,
6157,Palmyra,3.1428,680308,38,2100,846,350,2166,0.7,1559,2.2,1292,656,1028,1053,914,745,552,345,155,6740,5.8,,,,,,,,,
6081,Parkerville,19.0381,624976,39,2085,768,425,2237,0.8,2026,3.0,533,284,205,289,405,298,158,49,14,2235,5.1,,,,,,,,,
6147,Parkwood,3.6627,476789,40,1733,668,360,1751,0.7,1485,2.6,938,729,898,779,729,888,602,236,81,5880,9.0,,,,,,,,,
6167,Parmelia,4.1169,277053,36,1459,539,300,1320,0.8,1164,2.5,1190,770,865,792,818,667,492,238,56,5888,12.5,,,,,,,,,
6065,Pearsall,1.5686,488438,31,2167,877,410,2081,0.7,1967,2.8,809,506,813,577,454,327,193,64,8,3751,6.4,,,,,,,,,
6011,Peppermint Grove,1.0677,1793549,39,2817,1061,459,4146,0.8,3481,2.8,316,337,118,116,228,214,148,94,41,1612,3.5,,,,,,,,,
6112,Piara Waters,6.6887,518168,30,2383,1017,430,2274,0.8,2230,3.1,2457,911,2471,1603,755,442,189,52,12,8892,7.0,,,,,,,,,
6076,Pickering Brook,104.6363,640514,46,1820,738,163,1802,0.8,1587,2.8,109,63,53,63,100,72,67,38,11,576,6.0,,,,,,,,,
6172,Port Kennedy,21.2107,367967,33,1861,680,370,1847,0.8,1718,3.0,3354,1982,1646,1831,2006,1173,678,400,171,13241,10.6,,,,,,,,,
6107,Queens Park,2.6245,471695,31,2000,636,370,1581,0.9,1477,2.9,1348,937,1618,1018,695,420,255,175,61,6527,10.3,,,,,,,,,
6030,Quinns Rocks,4.1795,504742,36,2128,721,380,2019,0.8,1834,2.9,2019,1283,875,1290,1469,814,451,194,53,8448,9.2,,,,,,,,,
6104,Redcliffe,2.6599,465942,37,1950,724,350,1775,0.8,1449,2.5,887,558,848,753,612,470,333,257,182,4900,9.3,,,,,,,,,
6030,Ridgewood,1.9502,405097,32,2000,642,350,1606,0.8,1428,2.8,1139,660,658,645,543,310,279,241,46,4521,9.6,,,,,,,,,
6148,Riverton,2.6457,667358,38,2159,591,400,1776,0.8,1565,2.8,1123,851,569,792,807,563,494,273,92,5564,10.4,,,,,,,,,
6103,Rivervale,3.3406,592585,32,2000,761,350,1813,0.9,1456,2.2,1391,1414,2752,1484,1101,1020,585,363,132,10242,9.0,,,,,,,,,
6168,Rockingham,12.7892,430631,47,1680,561,300,1432,0.7,1057,2.1,2008,1536,1564,1585,1959,1980,1694,1228,477,14031,11.2,,,,,,,,,
6111,Roleystone,38.5185,605486,42,2116,749,350,2092,0.7,1873,2.7,1259,753,577,862,979,944,772,216,61,6423,6.4,,,,,,,,,
6148,Rossmoyne,1.6409,1171436,46,2427,640,455,2486,0.8,1797,2.8,559,466,195,333,480,376,283,312,240,3244,7.3,,,,,,,,,
6169,Safety Bay,4.5793,446946,44,1779,598,325,1615,0.7,1267,2.4,1267,784,755,823,964,991,822,510,198,7114,10.2,,,,,,,,,
6152,Salter Point,1.8617,1172450,45,2600,688,420,2550,0.7,2049,2.6,470,465,218,244,377,330,261,210,226,2801,5.5,,,,,,,,,
6163,Samson,1.0919,567114,45,2000,623,400,1976,0.7,1604,2.6,262,217,217,219,228,336,205,141,42,1867,5.8,,,,,,,,,
6074,Sawyers Valley,169.4161,476988,44,1975,667,420,1881,0.8,1767,2.7,175,119,77,118,144,146,121,42,14,956,7.4,,,,,,,,,
6019,Scarborough,4.9915,726937,34,2167,1061,400,2383,0.8,1870,2.1,2156,1520,3891,2473,1906,1533,1031,544,207,15261,5.9,,,,,,,,,
6173,Secret Harbour,6.5448,485089,31,2167,825,400,2306,0.8,2238,3.3,3332,1751,1337,2017,1867,677,387,146,32,11546,8.1,,,,,,,,,
6125,Serpentine,104.8459,650653,44,2167,684,285,1789,0.8,1611,2.7,453,255,188,267,405,294,241,142,20,2265,7.3,,,,,,,,,
6112,Seville Grove,4.6015,337000,29,1744,686,350,1621,0.8,1508,3.0,2697,1463,1919,1513,1130,742,389,169,64,10086,9.1,,,,,,,,,
6148,Shelley,2.1336,958238,41,2167,736,380,2155,0.8,1804,2.7,813,670,442,550,684,558,429,221,66,4433,7.7,,,,,,,,,
6008,Shenton Park,3.3268,1269592,39,2900,998,420,2936,0.9,2196,2.5,902,485,549,607,589,561,455,237,117,4502,5.5,,,,,,,,,
6169,Shoalwater,2.6134,479005,46,1831,589,280,1608,0.7,1111,2.1,639,406,430,455,482,522,486,334,172,3926,10.7,,,,,,,,,
6065,Sinagra,1.785,464719,30,2167,883,420,2029,0.7,1950,2.9,658,298,598,395,284,175,107,41,9,2565,5.5,,,,,,,,,
6175,Singleton,3.6112,456052,32,2061,757,375,2018,0.8,1853,3.0,972,487,463,541,535,302,196,90,19,3605,10.0,,,,,,,,,
6020,Sorrento,3.5754,1031236,45,2400,851,500,2648,0.7,2241,2.7,1283,933,518,778,1131,1132,914,337,121,7147,6.1,,,,,,,,,
6162,South Fremantle,1.5275,1092535,45,2000,789,450,2203,0.8,1604,2.2,368,316,405,389,504,494,382,150,36,3044,7.4,,,,,,,,,
6055,South Guildford,5.1805,542880,35,2000,895,395,2141,0.7,1878,2.6,724,335,521,529,422,355,219,102,32,3239,6.8,,,,,,,,,
6164,South Lake,3.2161,439966,34,1733,701,360,1703,0.7,1514,2.6,1086,814,996,804,806,681,363,162,54,5766,9.9,,,,,,,,,
6151,South Perth,5.1768,1204365,39,2200,996,390,2554,0.8,1883,2.1,1496,1560,2197,1557,1563,1639,1200,485,247,11944,6.5,,,,,,,,,
6110,Southern River,13.2148,574922,32,2214,823,450,2176,0.8,2115,3.2,2735,1303,1638,1845,1266,780,423,121,24,10135,6.9,,,,,,,,,
6163,Spearwood,6.0959,501019,41,1954,622,350,1596,0.8,1320,2.4,1567,1095,1403,1367,1211,1198,1037,678,319,9875,7.9,,,,,,,,,
6102,St James,1.7959,552261,32,2102,665,348,1921,0.8,1517,2.5,753,811,1124,696,542,397,237,145,102,4807,11.4,,,,,,,,,
6021,Stirling,4.8489,829877,40,2300,781,400,2261,0.7,1997,2.8,1724,1123,1261,1349,1341,1184,926,534,184,9626,6.5,,,,,,,,,
6081,Stoneville,18.4191,601000,43,2000,682,410,1946,0.8,1780,2.8,424,287,219,283,388,336,259,88,33,2317,7.2,,,,,,,,,
6056,Stratton,2.588,345233,32,1625,674,350,1489,0.8,1302,2.6,807,466,526,483,406,291,186,91,24,3280,10.2,,,,,,,,,
6008,Subiaco,3.1292,1271129,38,2400,1146,450,2888,0.9,2113,2.1,1508,934,1842,1410,1226,1128,996,481,172,9697,5.6,,,,,,,,,
6164,Success,6.0502,530259,32,2100,852,420,2129,0.8,1941,2.9,2354,1277,1946,1740,1164,747,342,202,125,9897,7.6,,,,,,,,,
6056,Swan View,7.4383,435246,42,1733,639,335,1616,0.7,1321,2.5,1324,946,992,900,1081,1052,856,415,166,7732,9.3,,,,,,,,,
6010,Swanbourne,5.2552,1582618,39,3090,1083,500,3564,0.8,2961,2.8,851,565,387,477,577,481,366,163,92,3959,3.9,,,,,,,,,
6065,Tapping,3.4692,488821,32,2200,832,450,2197,0.8,2108,3.2,2611,1186,1312,1641,1216,657,382,203,43,9251,6.9,,,,,,,,,
6069,The Vines,6.3039,663318,38,2500,909,475,2418,0.7,2323,3.0,1108,559,505,694,821,591,359,105,22,4764,6.8,,,,,,,,,
6108,Thornlie,11.591,405827,37,1733,626,350,1628,0.8,1449,2.8,4474,2982,3301,3067,2941,2822,1984,938,268,22777,9.1,,,,,,,,,
6029,Trigg,2.3777,1220422,42,2650,988,495,2691,0.8,2230,2.7,508,331,284,342,408,317,256,147,65,2658,5.7,,,,,,,,,
6060,Tuart Hill,2.1519999999999997,533311,35,1800,795,330,1781,0.8,1362,2.0,924,671,1844,1123,758,639,453,300,155,6867,7.8,,,,,,,,,
6037,Two Rocks,51.6257,481004,39,2000,582,340,1509,0.7,1276,2.6,638,297,361,357,417,356,296,158,25,2905,11.4,,,,,,,,,
6069,Upper Swan,20.3659,638895,48,1975,638,260,1517,0.7,1391,2.6,88,61,41,66,76,93,99,29,4,557,9.1,,,,,,,,,
6100,Victoria Park,2.6193,688491,33,2000,847,350,1980,0.9,1554,2.2,1096,1135,2420,1353,931,790,484,210,81,8500,8.7,,,,,,,,,
6056,Viveash,1.4908,474044,39,1759,692,380,1690,0.7,1408,2.5,181,159,114,133,163,106,78,68,18,1020,7.6,,,,,,,,,
6169,Waikiki,10.241,380884,36,1749,637,345,1711,0.7,1516,2.7,2661,1603,1519,1538,1774,1418,883,443,175,12014,10.0,,,,,,,,,
6076,Walliston,3.8415,502424,42,1907,620,360,1674,0.7,1511,2.7,166,112,84,98,137,122,91,52,15,877,5.4,,,,,,,,,
6167,Wandi,12.4227,554954,30,2383,1012,400,2228,0.7,2113,2.8,599,350,749,395,254,248,134,36,8,2773,5.9,,,,,,,,,
6065,Wangara,5.6216,1375000,53,0,774,380,1437,0.4,949,1.3,3,0,3,0,3,12,4,0,0,25,10.3,,,,,,,,,
6065,Wanneroo,20.4938,525355,39,1950,651,360,1715,0.7,1437,2.6,2103,1454,1652,1429,1476,1424,1229,605,339,11711,8.6,,,,,,,,,
6169,Warnbro,13.9081,381916,36,1699,612,340,1545,0.7,1376,2.7,2198,1482,1437,1298,1566,1180,758,410,99,10428,12.2,,,,,,,,,
6024,Warwick,3.1171,579426,42,1997,667,400,1860,0.7,1586,2.6,581,419,500,480,398,444,499,231,129,3681,6.1,,,,,,,,,
6152,Waterford,1.5582,1042488,39,2500,629,375,2284,0.7,2072,2.9,281,486,310,192,283,351,247,92,25,2267,8.1,,,,,,,,,
6020,Watermans Bay,1.2165,1170767,46,2134,941,400,2453,0.8,1927,2.4,204,116,125,149,168,206,160,70,29,1227,5.3,,,,,,,,,
6107,Wattle Grove,8.3272,544569,32,2167,876,450,2180,0.8,2145,3.2,1572,687,1087,1102,703,420,248,79,15,5913,7.1,,,,,,,,,
6166,Wattleup,11.3701,709246,47,1733,626,350,1625,0.7,1420,2.5,67,51,29,59,81,65,65,21,16,454,7.9,,,,,,,,,
6170,Wellard,16.3326,454203,30,2167,870,370,1991,0.8,1899,2.9,2129,1271,2194,1369,922,555,289,92,17,8838,8.7,,,,,,,,,
6106,Welshpool,8.314,465000,37,0,1125,0,0,0.0,0,0.0,5,0,4,3,0,0,3,0,0,15,0.0,,,,,,,,,
6014,Wembley,4.2523,1093500,35,2167,922,320,2433,0.9,1770,2.4,2242,1182,2057,1830,1284,1064,704,452,285,11100,6.7,,,,,,,,,
6019,Wembley Downs,4.3893,1083928,40,2600,882,450,2753,0.8,2224,2.7,1335,838,495,864,912,641,534,419,128,6166,5.3,,,,,,,,,
6007,West Leederville,1.5203,1273288,36,2500,1106,400,2885,0.9,2097,2.3,613,394,788,621,474,440,317,161,98,3906,6.0,,,,,,,,,
6005,West Perth,2.1895,681065,33,2000,1045,400,2329,1.0,1731,1.8,352,642,2054,907,617,510,399,191,108,5780,8.1,,,,,,,,,
6055,West Swan,6.2126,773536,38,2167,734,230,2181,0.7,1325,2.4,60,128,190,164,137,101,70,36,7,893,4.8,,,,,,,,,
6061,Westminster,2.305,367070,33,1800,618,350,1404,0.8,1246,2.4,1035,737,1542,920,600,504,369,279,65,6051,10.4,,,,,,,,,
6123,Whitby,17.474,437500,28,2058,848,450,1875,0.8,1862,2.9,91,39,70,26,30,44,11,3,8,322,5.4,,,,,,,,,
6162,White Gum Valley,1.1702,754035,41,2167,759,320,2202,0.8,1550,2.3,545,275,364,452,431,385,186,136,109,2883,7.0,,,,,,,,,
6156,Willagee,2.0887,578239,36,2167,629,250,1865,0.8,1338,2.4,1017,547,729,690,609,419,309,275,183,4778,8.0,,,,,,,,,
6155,Willetton,8.743,708482,39,2000,630,410,1967,0.8,1818,3.1,3763,2758,1559,2662,2524,2248,1569,587,218,17888,9.3,,,,,,,,,
6107,Wilson,3.9751,576334,33,2000,534,360,1701,0.8,1394,2.6,896,1188,1266,741,580,599,453,352,206,6281,11.0,,,,,,,,,
6150,Winthrop,3.4789,921267,42,2156,676,550,2278,0.7,2196,3.1,981,980,564,595,802,959,611,230,77,5799,6.8,,,,,,,,,
6056,Woodbridge,1.3877,600548,43,2167,759,350,2062,0.8,1518,2.3,171,139,134,166,186,167,124,50,20,1157,6.9,,,,,,,,,
6018,Woodlands,1.9329,1094153,43,2167,725,420,2319,0.8,1644,2.5,805,502,346,472,590,412,361,399,167,4054,5.9,,,,,,,,,
6026,Woodvale,7.3598,645355,42,2162,744,490,2393,0.7,2173,2.9,1685,1463,681,1080,1602,1433,691,344,131,9110,6.4,,,,,,,,,
6558,Wooroloo,47.3168,435353,36,2000,676,260,1718,0.8,1413,2.6,164,336,719,634,399,215,113,34,0,2614,7.5,,,,,,,,,
6112,Wungong,4.1374,664118,42,2000,622,498,1687,0.8,1471,3.1,69,50,16,45,45,53,35,15,6,334,9.4,,,,,,,,,
6035,Yanchep,218.5206,398192,34,2050,691,350,1728,0.7,1511,2.8,2155,992,1287,1205,1106,729,658,304,129,8565,9.2,,,,,,,,,
6164,Yangebup,6.0198,473640,35,1950,738,350,1974,0.8,1740,2.7,1521,1001,1132,1119,1082,827,396,185,49,7312,8.3,,,,,,,,,
6060,Yokine,4.8516,625320,37,1957,788,340,1903,0.8,1432,2.2,1642,1172,2389,1695,1300,1186,848,738,389,11359,7.1,,,,,,,,,
